Иванов,Лев,Тимурович
Титова,Алиса,Данииловна
Леонов,Михаил,Дмитриевич
Самойлова,Аделина,Назаровна
Спиридонов,Сергей,Тимофеевич
Краснов,Дмитрий,Львович
Смирнов,Матвей,Даниэльевич
Панин,Матвей,Тимофеевич
Гришин,Глеб,Григорьевич
Лебедев,Ярослав,Алексеевич
Токарева,Мария,Михайловна
Морозова,Кристина,Глебовна
Кузнецов,Александр,Давидович
Орлов,Максим,Ильич
Воронцов,Илья,Даниэльевич
Калмыков,Иван,Фёдорович
Александров,Даниил,Кириллович
Латышев,Александр,Ярославович
Малышев,Данила,Михайлович
Лавров,Максим,Игоревич
Мальцев,Дмитрий,Викторович
Алексеев,Иван,Григорьевич
Ильина,Диана,Ивановна
Титова,Варвара,Всеволодовна
Маркова,Евгения,Вадимовна
Титова,Дарина,Ярославовна
Тихонова,Эмилия,Дмитриевна
Лебедев,Мирон,Владиславович
Николаев,Антон,Евгеньевич
Игнатьев,Никита,Глебович
Савина,Тамара,Макаровна
Иванова,Сара,Глебовна
Абрамов,Тимофей,Степанович
Юдин,Игорь,Алексеевич
Смирнов,Марк,Александрович
Рыбаков,Максим,Никитич
Ермаков,Лев,Сергеевич
Попов,Роберт,Алексеевич
Родионов,Макар,Иванович
Лобанов,Николай,Демьянович
Леонтьева,Ульяна,Романовна
Орлова,Мирослава,Ибрагимовна
Седова,Светлана,Степановна
Савина,Алёна,Арсентьевна
Коновалов,Даниил,Олегович
Громов,Матвей,Викторович
Жуков,Максим,Артёмович
Дорофеева,Василина,Александровна
Николаева,Марина,Серафимовна
Афанасьев,Даниил,Ярославович